rank,bvid,aid,title,up_name,up_mid,view,danmaku,favorite,coin,like,share,pubdate,duration,tname,desc,videos,copyright,tags,crawl_time,duration_min,tags_list,like_rate,danmaku_density
1,BV1twgSzhEo8,114775921003380,《崩坏：星穹铁道》动画短片：「听！狂欢在那神佑的山巅」,崩坏星穹铁道,1340190821,5936078,135589,177387,382493,448141,80947,2025-07-02 06:00:00,1155,手机游戏,"你还记得吗，无缘黎明的卡厄斯兰那？
在那酣醉的迷梦中，山高而陡峻，你看见了自己。
 
插曲：《耀斑》
演唱者：YMIR
 
中文CV：
白厄——秦且歌
幼年白厄——弭洋
 
日文CV：
白厄——日野聪
幼年白厄——蓝原琴美
 
英文CV：
白厄——Joshua Waters
幼年白厄——Justine Huxley
 
韩文CV：
白厄——윤용식
幼年白厄——박하진",4,1,"崩坏：星穹铁道,白厄,崩坏星穹铁道,崩坏星穹铁道白厄,因为太阳将要毁伤,米哈游,miHoYo",2025-07-05 16:29:30,19.25,"['崩坏：星穹铁道', '白厄', '崩坏星穹铁道', '崩坏星穹铁道白厄', '因为太阳将要毁伤', '米哈游', 'miHoYo']",0.07549445947307296,7043.584415584415
2,BV1TB37z6E5x,114794040400082,48小时巨作清明上河图馒头,小馒头的面食面艺,3546662226102356,3498021,27454,26290,122031,370509,4565,2025-07-04 08:41:29,151,美食制作,用面团复制清明上河图，几经失败，最终能成功吗？,1,1,"馒头,非遗手工,记录我的美食日常,清明上河图馒头,有趣的馒头,小馒头的面食面艺,制作过程,创意美食,有趣的视频,治愈系美食,大学生就业指南-美食版2.0",2025-07-05 16:29:32,2.5166666666666666,"['馒头', '非遗手工', '记录我的美食日常', '清明上河图馒头', '有趣的馒头', '小馒头的面食面艺', '制作过程', '创意美食', '有趣的视频', '治愈系美食', '大学生就业指南-美食版2.0']",0.10591960425623517,10908.874172185431
3,BV1EC3azYEcC,114787212072567,全 明 星 做 手 术  1,多节课,46733369,2428047,1698,52142,27103,297168,40153,2025-07-03 03:40:07,110,鬼畜剧场,还有续集~,1,1,"周深,陈奕迅,邓紫棋,鬼畜,全明星,林俊杰,暑假,多节课,毛不易,鬼畜星探企划,鬼畜星探企划第二十二期",2025-07-05 16:29:34,1.8333333333333333,"['周深', '陈奕迅', '邓紫棋', '鬼畜', '全明星', '林俊杰', '暑假', '多节课', '毛不易', '鬼畜星探企划', '鬼畜星探企划第二十二期']",0.12238972309844084,926.1818181818182
4,BV1Ab3uzyEAs,114788856238033,《绝区零》1周年特别纪念GMV,Z.Y.L,175404,936551,16573,34634,78269,136731,6951,2025-07-04 12:30:00,203,网络游戏,"千言万语也难以表达对我们的玩家和制作组的感谢，所以下班后挤时间剪了个zzz二创～想以此mv感谢大家一直以来的支持与付出。绝区零一周年快乐！！！～（已经快10年没正儿八经做过非工作上的东西了，时间和水平都有限～大家凑合看看T-T～）

投稿作者：@Z.Y.L",1,1,"混剪,GMV,绝区零UP主激励计划,绝区零一周年,绝区零,绝区零 2.0版本UP主激励计划",2025-07-05 16:29:36,3.3833333333333333,"['混剪', 'GMV', '绝区零UP主激励计划', '绝区零一周年', '绝区零', '绝区零 2.0版本UP主激励计划']",0.1459941850470503,4898.4236453201975
5,BV1uG3Ez7EzW,114793872691076,穿越沙漠，我们看到了此生难得一见的美景！！！【青春旅行团11】,雨哥到处跑,147166910,1209579,45360,45370,103509,140739,5359,2025-07-04 09:10:00,2542,综艺,"全！新！系！列！！《青春旅行团》第二季,第五期！！
一个人策划一期旅游，【躁动篇】来啦！！
喜欢的话请多多一键三连吧！！！
太燥燥燥燥燥燥燥燥燥燥燥燥燥燥燥燥燥燥燥燥燥燥燥燥燥燥燥燥燥燥燥燥燥燥燥燥燥燥燥燥燥燥燥燥燥燥燥燥燥燥燥燥燥燥燥燥燥燥燥燥燥燥燥燥燥燥燥燥燥燥燥燥燥燥燥燥燥燥燥燥燥燥燥燥燥燥燥燥燥燥燥燥燥燥燥燥燥燥燥燥燥燥燥燥燥燥燥燥燥燥燥燥燥燥燥燥燥燥燥燥燥燥燥燥燥燥燥燥燥燥燥燥燥燥燥燥燥燥燥燥燥燥燥燥燥燥燥燥燥燥燥燥燥燥燥燥燥燥燥燥燥燥燥燥燥燥燥燥燥燥燥燥燥燥燥燥燥燥燥燥燥燥燥燥燥燥燥燥燥燥燥燥燥燥燥燥燥燥燥燥燥燥燥燥燥燥燥燥燥燥燥燥燥燥燥燥燥燥燥燥燥燥燥燥燥燥燥燥燥燥燥燥燥燥燥燥燥燥燥燥燥燥燥燥燥燥燥燥燥燥燥燥燥燥燥燥燥燥燥燥燥燥燥燥燥燥燥燥燥燥燥燥燥燥燥燥燥燥燥燥燥燥燥燥燥燥燥燥燥燥燥燥燥燥燥燥燥燥燥燥燥燥燥燥燥燥燥燥燥燥燥燥燥燥燥燥燥燥燥燥燥燥燥拉！！",1,1,"青春,旅游,美食,搞笑,生活,青春旅行团,哔须有此行,欧莱雅野王防晒,全新欧莱雅安瓶面膜,沙漠,旅行攻略UP主激励计划",2025-07-05 16:29:38,42.36666666666667,"['青春', '旅游', '美食', '搞笑', '生活', '青春旅行团', '哔须有此行', '欧莱雅野王防晒', '全新欧莱雅安瓶面膜', '沙漠', '旅行攻略UP主激励计划']",0.1163537065375639,1070.6530291109364
6,BV1ph3azrEaD,114787077850708,《崩坏：星穹铁道》星旅一瞬：「一轮朝阳的命运」,帕姆的收藏夹,508103429,1232956,19090,37515,49625,141892,14424,2025-07-04 03:00:00,274,手机游戏,夜幕降临，白日西沉，继而又东升——这应是一轮朝阳的命运。,4,1,"崩坏：星穹铁道,白厄,崩坏星穹铁道,崩坏星穹铁道白厄,米哈游,miHoYo",2025-07-05 16:29:40,4.566666666666666,"['崩坏：星穹铁道', '白厄', '崩坏星穹铁道', '崩坏星穹铁道白厄', '米哈游', 'miHoYo']",0.11508277667653996,4180.29197080292
7,BV1gC3xzuESM,114782296345699,祝所有的大学生们毕业快乐~爸爸妈妈终于来到了中国，这一刻，我等了太久太久！感恩感谢家人们的支持~爱你们！,老王在中国,3537122973714533,1322010,15667,20709,105673,151413,1590,2025-07-02 09:20:00,404,美食侦探,昔者，有民为战火所迫，转徙异域，飘如转蓬。时逢乱世不得其所，涉江跨海，终抵中土。时维华夏，政通人和。然关文未允，牒书难通，与父母暌违数稔矣。而今皇天不负苦心人，幸得骨肉重逢于斯，执手相看，涕泗交零，乡关梦断处，竟成团圆乡。,1,1,"毕业,快乐,生活记录,校园,爸爸妈妈,伊拉克,感恩,老外在中国,祝福,随手记录我的生活碎片,来BW当然要拍vlog啦",2025-07-05 16:29:42,6.733333333333333,"['毕业', '快乐', '生活记录', '校园', '爸爸妈妈', '伊拉克', '感恩', '老外在中国', '祝福', '随手记录我的生活碎片', '来BW当然要拍vlog啦']",0.1145324165475299,2326.7821782178216
8,BV1W83azGE7A,114787027519026,“ 爱 情 和 事 业 真 的 不 可 以 兼 得 吗 ？”,星有野,627888730,2030316,3852,28889,27637,154155,3989,2025-07-03 04:00:00,404,同人·手书,你终会明白，前途比爱情重要，你还会明白，爱情比前途更难得，但最后你会明白，对的人 会站在你的前途里,1,1,"正能量,动画短片,爱情,治愈,星有野,闪烁之光六周年,泪目,感动,闪烁之光,事业",2025-07-05 16:29:44,6.733333333333333,"['正能量', '动画短片', '爱情', '治愈', '星有野', '闪烁之光六周年', '泪目', '感动', '闪烁之光', '事业']",0.07592660452855615,572.0792079207921
9,BV17e3xzLEA4,114782598337839,40斤的单手剑？锻造还原《崩坏：星穹铁道》白厄「侵晨」大剑,大锤LBX,442264378,987268,12439,32734,51611,141616,12732,2025-07-02 10:00:00,782,手工,"《崩坏：星穹铁道》白厄「侵晨」大剑
长170CM 重20KG 剑身52100钢 装具黄铜",1,1,"手工,大剑,崩坏：星穹铁道,侵晨,白厄,崩坏星穹铁道,星穹铁道白厄,因为太阳将要毁伤,翁法罗斯逐火之旅,崩坏星穹铁道3.4创作者激励计划,锻刀",2025-07-05 16:29:45,13.033333333333333,"['手工', '大剑', '崩坏：星穹铁道', '侵晨', '白厄', '崩坏星穹铁道', '星穹铁道白厄', '因为太阳将要毁伤', '翁法罗斯逐火之旅', '崩坏星穹铁道3.4创作者激励计划', '锻刀']",0.14344230745856243,954.3989769820972
10,BV1Xa3gzhEVT,114790047483934,特厨探店 |来人管管天津菜—鑫来子菜馆,特厨隋坡,3546888255048212,1599950,3565,22583,26182,163621,22252,2025-07-04 03:30:00,215,美食侦探,,1,1,"美食,隋坡,特厨隋卞,舌尖真探事务所,天津,美食探店",2025-07-05 16:29:46,3.5833333333333335,"['美食', '隋坡', '特厨隋卞', '舌尖真探事务所', '天津', '美食探店']",0.10226632082252571,994.8837209302325
11,BV13D3tzGEta,114783051321986,《我没错，它全责》,张小伙玩配音,272562791,4683148,1528,29345,6483,259716,29881,2025-07-02 10:03:21,59,搞笑,原曲-周杰伦《退后》,1,1,"万万没想到,搞笑小剧场,搞笑配音,押韵,退后,看一遍笑一遍,张小伙玩配音,UP 小剧场 3.0",2025-07-05 16:29:48,0.9833333333333333,"['万万没想到', '搞笑小剧场', '搞笑配音', '押韵', '退后', '看一遍笑一遍', '张小伙玩配音', 'UP 小剧场 3.0']",0.055457568285264526,1553.8983050847457
12,BV1ee3WzqEJZ,114781826647329,眼力对决！6个UP主因猜价彻底疯狂?【谁是猜价王2】,-LKs-,125526,2110032,14352,23775,44074,113188,3907,2025-07-02 09:30:00,1852,极客DIY,"在猜价王系列，买卖双方将围绕一个个""大有来头""的藏品，进行诈唬与洞察的博弈，最终角逐出至尊猜价王！

*这个系列的核心是反诈，帮各位在生活中提高警惕谨防溢价or以假乱真(｀・ω・´)
*本期优化了积分规则、盲盒机制和拍摄场景，同时欢迎各位继续给出更多反馈和建议
*第1~4轮右边3人特写机位没开log，导致高光稍微有点溢出，各位多多谅解_(:з」∠)_",1,1,"游戏,围棋,宝可梦,搞笑,PK,把兴趣玩出名堂,价格,雪茄,BJD,盲猜",2025-07-05 16:29:50,30.866666666666667,"['游戏', '围棋', '宝可梦', '搞笑', 'PK', '把兴趣玩出名堂', '价格', '雪茄', 'BJD', '盲猜']",0.05364278835581641,464.9676025917926
13,BV1dU3azFEZ9,114786826326103,监狱可以办走读吗？,俏佳人xxx,423738152,2335479,775,17356,2685,167152,3168,2025-07-03 03:04:42,177,日常,"《这些问题谁问的》第三期，在这个系列中，大家非常渴望了解相关法律知识，提问都非常有趣。
祝大家遵纪守纪、合法守法，要体验“越狱”可以在游戏三角洲行动里体验啦！",1,1,"监狱,法律,三角洲行动,猛攻三角洲破壁新赛季,三角洲破壁新赛季上线,三角洲行动7月激励计划",2025-07-05 16:29:52,2.95,"['监狱', '法律', '三角洲行动', '猛攻三角洲破壁新赛季', '三角洲破壁新赛季上线', '三角洲行动7月激励计划']",0.07157075700530811,262.7118644067796
14,BV1dw38zXEZd,114784343234477,《三角洲行动》全新破壁赛季故事短片,三角洲行动,3494376565115651,2279724,45526,27687,3837,123657,3685,2025-07-03 02:00:00,602,网络游戏,"《三角洲行动》破壁赛季将于7月3日正式开启！

阻止天网计划的行动还在继续，G.T.I.的干员们潜入哈夫克的潮汐监狱，以获取更多天网情报。当两方人马在潮汐监狱相遇，一段被尘封的过往即将揭晓，一场有预谋的暴乱一触即发！",2,1,"三角洲行动,猛攻三角洲破壁新赛季,三角洲破壁新赛季上线,三角洲行动7月激励计划",2025-07-05 16:29:54,10.033333333333333,"['三角洲行动', '猛攻三角洲破壁新赛季', '三角洲破壁新赛季上线', '三角洲行动7月激励计划']",0.05424209246382457,4537.475083056478
15,BV1Db34zqEHu,114783873405140,从素颜到美少女，沉浸式当一天河野华！,河野华,18343098,1446398,1224,33334,18940,121027,3356,2025-07-02 13:44:41,245,仿妆cos,"好久不见，你的月更博主又更新了……暑假我不会再鸽了！！哈哈哈哈

这期视频展示了我最常见的COS拍摄状态，选择了白毛单手剑丝柯克，当然还有小翠真诚的化妆小干货，绝不让任何一期视频湿湿的，干货满满，记得给我点赞，一键三连哦，这样我就会快快更新更多有趣的视屏啦！！谢谢我的男宝宝女宝宝们～比心",1,1,"漫展,美女,摄影,VLOG,素颜,搞笑,COSPLAY,丝柯克,原神,当时髦精闯进痛圈",2025-07-05 16:29:55,4.083333333333333,"['漫展', '美女', '摄影', 'VLOG', '素颜', '搞笑', 'COSPLAY', '丝柯克', '原神', '当时髦精闯进痛圈']",0.08367475618743941,299.7551020408163
16,BV1Bv38zcES5,114784326454417,看完主线了你猜我笑没笑【崩铁3.4实况】,果蝇轰,8469526,1127372,55546,20791,45317,104040,1920,2025-07-02 15:29:43,1716,手机游戏,"对不起，下次不敢说暖心了，没想到是这种暖心（）
明天起床写杂谈去了，总之努力这周内更新！",1,1,"白厄,纳努克,崩坏星穹铁道,崩坏：星穹铁道创作者激励计划,翁法罗斯,昔涟,来古士,因为太阳将要毁伤,崩坏星穹铁道3.4创作者激励计划,星铁3.4版本实况,果蝇轰",2025-07-05 16:29:58,28.6,"['白厄', '纳努克', '崩坏星穹铁道', '崩坏：星穹铁道创作者激励计划', '翁法罗斯', '昔涟', '来古士', '因为太阳将要毁伤', '崩坏星穹铁道3.4创作者激励计划', '星铁3.4版本实况', '果蝇轰']",0.0922854213161228,1942.167832167832
17,BV1kY3azgEEu,114787061139018,【绝区零】全球首个 模拟仿真计算器 ZSim 正式开源！绝区零一周年贺礼！,清茶沐沐_Kiyotya,22837810,855333,462,31091,53605,98585,6828,2025-07-03 09:05:00,314,手机游戏,"ZSim是全球首款《绝区零》模拟仿真计算器，由清茶沐沐攻略组独立自主研发完成。
现在，为回馈社区，也为庆祝绝区零一周年生日，我们正式将其开源。
相关链接都在评论区置顶哦~",1,1,"绝区零UP主激励计划,ZSim,宣传片,代码,开源,模拟仿真,绝区零,绝区零 2.0版本UP主激励计划",2025-07-05 16:30:00,5.233333333333333,"['绝区零UP主激励计划', 'ZSim', '宣传片', '代码', '开源', '模拟仿真', '绝区零', '绝区零 2.0版本UP主激励计划']",0.11525920314076506,88.28025477707006
18,BV1YfgDz3Eii,114776793422626,《机甲模拟器》,马鹿blyat,6989655,2660051,2177,30250,36696,240531,18602,2025-07-02 04:00:00,78,极客DIY,-,1,1,"机甲,解限机,解限机公测,模拟器,幼儿园手工",2025-07-05 16:30:02,1.3,"['机甲', '解限机', '解限机公测', '模拟器', '幼儿园手工']",0.09042345428715465,1674.6153846153845
19,BV1WZ3xzfEQc,114782329964162,我求婚了！,Helin和Eva,430359206,1054115,1319,12126,88964,140713,970,2025-07-02 07:01:46,216,日常,-,1,1,"生活记录,爱情,求婚,中外情侣,寻找100个宝藏vlogger,来BW当然要拍vlog啦",2025-07-05 16:30:03,3.6,"['生活记录', '爱情', '求婚', '中外情侣', '寻找100个宝藏vlogger', '来BW当然要拍vlog啦']",0.13348923030219664,366.38888888888886
20,BV18f3azpEAX,114786977253070,出山洞那一刻，人都傻了...,像素椰子,27624928,1133118,652,36530,16084,117352,3467,2025-07-03 02:42:05,267,短片,"在挪威 罗弗敦群岛自驾，上演一场末世之旅
穿越八级风暴，只为追寻一张传说中的——《孤独星球》封面",1,1,"北欧,挪威,生活记录,风景,摄影,旅游,电影感,旅行攻略UP主激励计划",2025-07-05 16:30:04,4.45,"['北欧', '挪威', '生活记录', '风景', '摄影', '旅游', '电影感', '旅行攻略UP主激励计划']",0.10356555980930494,146.51685393258427
21,BV15C38zREoi,114786037661826,向德穆兰和威龙求婚！三角洲行动CC问答还有隐藏彩蛋奖励！,究刺_Official,2431441,1280976,849,53171,3544,95673,24508,2025-07-02 22:41:38,212,网络游戏,-,1,1,"FPS,搞笑,101俱乐部,牢太,三角洲行动,三角洲,威龙,沙雕,德穆兰,三角洲破壁新赛季上线,三角洲行动7月激励计划",2025-07-05 16:30:06,3.533333333333333,"['FPS', '搞笑', '101俱乐部', '牢太', '三角洲行动', '三角洲', '威龙', '沙雕', '德穆兰', '三角洲破壁新赛季上线', '三角洲行动7月激励计划']",0.07468758196874883,240.28301886792454
22,BV1vN3azbErf,114785148470586,上不去！,坏枪,6636705,1044381,1526,38442,18571,99902,13517,2025-07-02 18:55:50,164,鬼畜调教,"经过科学家们的「激烈」口技对决后，小明到底能不能把自己拉上去，我也不知道了。
----------
科学家史料：BV1zVbrejEQU
----------
BGM：Hot Blast - Mr.Asyu",1,1,"鬼畜,小明,物理,搞笑,音MAD,Mr.Asyu,Hot Blast",2025-07-05 16:30:08,2.7333333333333334,"['鬼畜', '小明', '物理', '搞笑', '音MAD', 'Mr.Asyu', 'Hot Blast']",0.09565666169721586,558.2926829268292
23,BV1dd3sz3ErF,114782749397083,假如以《让子弹飞》的方式打开乳法....,法兰西小欣欣,1612935698,1656637,2431,14966,47770,133353,2949,2025-07-03 10:00:00,151,人文历史,"7.11直面乳法最终篇—法欣社rap《真bon不jour》上线
法欣社！又高又硬！",1,1,"搞笑,整个大活,法欣社,法国up,让子弹飞,名场面,法式幽默,一人分饰多角,整活,每日乳法,UP 小剧场 3.0",2025-07-05 16:30:10,2.5166666666666666,"['搞笑', '整个大活', '法欣社', '法国up', '让子弹飞', '名场面', '法式幽默', '一人分饰多角', '整活', '每日乳法', 'UP 小剧场 3.0']",0.08049621009309825,965.9602649006623
24,BV13m3tz5EEf,114783017764178,以前玩的还是太保守了,萝太永不破防,3546376524794441,1336181,3683,17935,17008,128947,13244,2025-07-02 09:53:27,450,单机游戏,-,1,1,"游戏实况,娱乐,搞笑,可爱,益智游戏,割绳子,沙雕",2025-07-05 16:30:11,7.5,"['游戏实况', '娱乐', '搞笑', '可爱', '益智游戏', '割绳子', '沙雕']",0.09650414128026068,491.06666666666666
25,BV1HE3WzmELG,114781658808333,【谜境勋章之旅】查理九世启始篇！冒险队集结！万字纯享版！,三华李LONGER,1717484614,2624099,210,92677,16752,35751,271,2025-07-02 04:13:27,2401,人文历史,"BGM与视频背景见关联视频：

【黑贝街的亡灵】
【恐怖的巫女面具】
【恶灵栖息的乌鸦成】
【法老王之心】",1,1,"剧情,回忆,历史人文,童年,童年回忆,科普再来亿点点,2025科学很可爱,查理九世,遗憾,唐晓翼,墨多多",2025-07-05 16:30:14,40.016666666666666,"['剧情', '回忆', '历史人文', '童年', '童年回忆', '科普再来亿点点', '2025科学很可爱', '查理九世', '遗憾', '唐晓翼', '墨多多']",0.013624104883238019,5.247813411078718
26,BV1KBgCzkEbC,114772951439369,【无职转生同人动画】血契之约  12分钟 转折点4剧情,蓝纹兔子,10671099,1419048,9125,128584,293966,233687,51893,2025-07-01 04:00:00,767,同人·手书,"这是一部改编自《无职转生》小说“转折点4”章节的12分钟同人动画。
 本作重新演绎了第14～15卷中，鲁迪与奥尔斯蒂德战斗的高潮片段。
由蓝纹兔子发起、统筹与导演，联合全国多位充满热情的动画师与志愿者共同完成。

我也曾像鲁迪一样，经历过排挤、霸凌、绝望与人格的破碎。在我质疑一切意义、拒绝一切爱意，被虚无主义吞噬、甚至产生轻生念头的时期，正是鲁迪认真面对人生的态度深深打动了我。
我被这部作品彻底改变。从那一刻起，我开始重新审视自己的人生态度，选择认真地活在当下。
制作这部动画的过程，不只是一次导演寻求成长、寻找完整自我的旅程，更是一段燃烧热情、全力以赴投入创作的人生体验。
这部作品对我来说不仅是一部动画，更像是我对过去24年人生的回应——它赋予了我所经历的一切以意义，也是一封献给那部曾给予我方向与力量的作品的真挚情书。更是我送给全球所有热爱《无职转生》的粉丝的一份礼物。
希望这部作品也能触动到你——那将是我的荣幸。

整部动画筹备耗时6个月，制作周期约4个半月，涵盖脚本、分镜、导演执行、美术设计、动画制作、音乐协作以及多国语言翻译等完整流程。

正片幕后花絮纪录片也即将发布，敬请期待。

愿世界上每一个拥有生命意识的存在，在面对痛苦与绝望时，能够守护住自己内心最纯粹的那一部分。",1,1,"同人动画,洛琪希,奥尔斯蒂德,转折点4,鲁迪,爱丽丝,无职转生,希露菲,无职转生小说,魔导铠",2025-07-05 16:30:15,12.783333333333333,"['同人动画', '洛琪希', '奥尔斯蒂德', '转折点4', '鲁迪', '爱丽丝', '无职转生', '希露菲', '无职转生小说', '魔导铠']",0.16467871418021096,713.8200782268578
27,BV1qt3WzrERQ,114781893762959,白龙幻想1-18超长合集,小泷动漫,3546800554248693,3085228,776,118045,4833,13719,45,2025-07-02 05:11:25,4432,同人·手书,,1,1,"原创动画,手书,#原创动画,#二次元,#国创",2025-07-05 16:30:17,73.86666666666666,"['原创动画', '手书', '#原创动画', '#二次元', '#国创']",0.0044466729849463316,10.505415162454874
28,BV1AA34zxEDb,114782011134817,都2.0了，11号还在喝汤,wuliao仁兄,243720563,758994,295,108022,4030,67530,650,2025-07-02 05:37:06,188,手机游戏,"莱特作者：X:immanuela crovius
其他均由本人ai生成，p站同名",1,1,"直播,学习,生活记录,绝区零UP主激励计划,记录,11号,绝区零 2.0版本UP主激励计划",2025-07-05 16:30:19,3.1333333333333333,"['直播', '学习', '生活记录', '绝区零UP主激励计划', '记录', '11号', '绝区零 2.0版本UP主激励计划']",0.08897303535996332,94.14893617021276
29,BV1vA3Tz9Eb3,114788302656832,【逆天小学生】孩子！暑假千万别做这种事？！,机智的呆狗,8536064,2828042,902,77025,8778,22703,206,2025-07-03 08:26:38,350,搞笑,祝大家开心快乐每一天！快乐第一！不会还有人不知道，长按大拇指三连加关注会成为B站lv6至高无上的存在，然后身体健康发大财吧！哎嘿！ヾ(≧▽≦*)o,1,1,"暑假,魔性,高能,搞笑,吐槽,搞笑小剧场,挑战,小学生,整活,机智的呆狗,UP 小剧场 3.0",2025-07-05 16:30:21,5.833333333333333,"['暑假', '魔性', '高能', '搞笑', '吐槽', '搞笑小剧场', '挑战', '小学生', '整活', '机智的呆狗', 'UP 小剧场 3.0']",0.008027815711364966,154.62857142857143
30,BV1313tz1EQt,114783101651936,这一刀，拯救队友于水火,尴尬的铁根er,405370021,2940242,1741,6418,3517,131624,701,2025-07-02 10:19:01,218,网络游戏,,1,1,"电子竞技,搞笑,王者荣耀,MOBA,吕布",2025-07-05 16:30:23,3.6333333333333333,"['电子竞技', '搞笑', '王者荣耀', 'MOBA', '吕布']",0.04476638317526244,479.1743119266055
31,BV1xE3tzPEgQ,114783336530049,电饭煲解锁蓝莓蛋糕，简单又好吃,留意炫饭吖,1201986019,1867859,599,26237,2274,164452,3736,2025-07-02 11:16:50,107,美食记录,电饭煲解锁蓝莓蛋糕，简单又好吃,1,1,"甜品,蛋糕,Vlog,我们的家庭日记,闪闪发光的家庭日2.0",2025-07-05 16:30:25,1.7833333333333334,"['甜品', '蛋糕', 'Vlog', '我们的家庭日记', '闪闪发光的家庭日2.0']",0.08804304821723695,335.8878504672897
32,BV11LgkzBE7h,114771508593883,养一只永远不会扫兴的猫是一种什么体验…,亮亮也是酿酿,2678945,4427606,4185,67689,101357,496721,32606,2025-06-30 09:08:28,354,喵星人,,1,1,"动物总动员,动物总动员12.0-毛孩子美食季",2025-07-05 16:30:27,5.9,"['动物总动员', '动物总动员12.0-毛孩子美食季']",0.11218726327500686,709.322033898305
33,BV1CS3HzUEo9,114780820081681,打花棍，老祖宗留下的东西不能丢,戏曲郑三妹,1220115075,2137715,14721,27796,14055,250635,6511,2025-07-02 00:34:00,40,日常,-,1,1,"生活记录,必剪创作",2025-07-05 16:30:29,0.6666666666666666,"['生活记录', '必剪创作']",0.11724434735219616,22081.5
34,BV1Ev38zcEaM,114784326389349,瓮中捉鹰,脱缰凯Kk,373388923,1364288,5210,11574,7417,129527,1569,2025-07-03 09:00:00,456,小剧场,-,1,1,"三角洲行动,三角洲破壁新赛季上线,三角洲行动7月激励计划",2025-07-05 16:30:31,7.6,"['三角洲行动', '三角洲破壁新赛季上线', '三角洲行动7月激励计划']",0.09494109748088381,685.5263157894738
35,BV1VigSzMEhN,114777363846478,愿以吾辈之青春，捍卫盛世之中华,李维刚的日常,3493260093819171,2300903,13363,20594,137449,303977,4047,2025-07-01 09:57:31,842,美食侦探,,1,1,"正能量,英雄,致敬",2025-07-05 16:30:32,14.033333333333333,"['正能量', '英雄', '致敬']",0.13211204470592633,952.2327790973872
36,BV1WvgDzZEXX,114776978103590,【散人】国产民俗恐怖《纸嫁衣8》千子树（P1.夜盲）,逍遥散人,168598,831611,10937,21069,40662,75413,4658,2025-07-04 04:00:00,1959,单机游戏,"第一部 BV1Dy4y117Vs 第二部 BV18U4y1J7NS 第三部BV1AS4y1j7o9 第四部BV1jT411A7c6 第五部BV11u4y1S77P 第六部BV1aK411e7c7 第七部 BV1xS42197Fv
纸嫁衣第八部来啦，这次剧情承接第一部，看上去是个阶段小总结。各种往昔元素出现，十分怀念，大伙看着玩~
喜欢本系列欢迎收藏三连支持，合集持续更新中。",1,1,"逍遥散人,散人,游戏实况,剧情,解谜,恐怖,民俗,纸嫁衣8,纸嫁衣,推荐宝藏游戏",2025-07-05 16:30:34,32.65,"['逍遥散人', '散人', '游戏实况', '剧情', '解谜', '恐怖', '民俗', '纸嫁衣8', '纸嫁衣', '推荐宝藏游戏']",0.09068302367332803,334.9770290964778
37,BV16g37zfEmV,114794275346694,《绝区零》2.1版本PV | 迟吟的浪涌,绝区零,1636034895,1202432,4834,13860,23179,95971,5461,2025-07-04 12:25:00,1980,手机游戏,"盛夏如期而至
海潮周而复始
带来如烟火璀璨的回忆
也惊醒无法安眠的过往

「即使必须再次走向风浪，走向苍茫的海与天…」
「此刻的我们，也已不再踽踽独行。」

—— 欢迎来到新艾利都！——
▼ 2.1版本「迟吟的浪涌」将于7月16日上线！
7月4日起，限时期间内登录可领取1600菲林。2.1版本期间，参与限时活动，还可免费获得哲与铃全新夏日时装！
bilibili安卓端下载地址：https://www.biligame.com/detail/?id=108434
bilibiliPC端下载地址：https://www.biligame.com/detail/?id=111210",4,1,"ARPG,手游,PC,绝区零2.1,迟吟的浪涌,绝区零夏日特辑,米哈游,绝区零",2025-07-05 16:30:36,33.0,"['ARPG', '手游', 'PC', '绝区零2.1', '迟吟的浪涌', '绝区零夏日特辑', '米哈游', '绝区零']",0.0798140768043432,146.4848484848485
38,BV1Ym3tz5E5G,114783017832627,《崩坏：星穹铁道》2025年微电影 「白厄：恶魔之子」,楸凤,115243694,480496,3264,31758,41402,75661,5437,2025-07-02 09:55:05,220,GMV,"白厄已经成为了英雄!
世界如此残酷， 但我依然爱着你
--------------
选这首歌的理由，打心底让我感动，让我震撼，让我释怀，好像以前没想通的都在这里被解释了
鸟儿飞走了，我不知道它能否获得自由，但它已经置身一片花海中了。其实巨人就是这样一个残酷的世界，它不会有一个温馨的结尾，悲剧能让人悲伤，但也更容易让人铭记
喜欢请一定要三连支持加关注一下，谢谢～
BGM：悪魔の子

辛苦审核和编辑大大，希望能得到推荐",1,1,"GMV,手机游戏,MAD,崩坏：星穹铁道,白厄,星穹列车团,星穹铁道白厄,崩坏星穹铁道3.4创作者激励计划,恶魔之子,高燃,米哈游",2025-07-05 16:30:38,3.6666666666666665,"['GMV', '手机游戏', 'MAD', '崩坏：星穹铁道', '白厄', '星穹列车团', '星穹铁道白厄', '崩坏星穹铁道3.4创作者激励计划', '恶魔之子', '高燃', '米哈游']",0.15746437015084414,890.1818181818182
39,BV1oKgDz2E9X,114777296733668,我的御兽吃过恶魔果实就能疯狂进化获得能力,小逍遥动漫,403621233,3014032,11,130562,3596,10965,21,2025-07-01 09:43:21,1625,同人·手书,,1,1,"影视剪辑,动画短片,动漫,简笔画,合集,御兽",2025-07-05 16:30:40,27.083333333333332,"['影视剪辑', '动画短片', '动漫', '简笔画', '合集', '御兽']",0.0036379839364678278,0.4061538461538462
40,BV11vgXzvEK5,114777883937713,"终结恐惧,或者被恐惧终结",slava_fox,1998136608,3529927,522,34496,4881,281448,6480,2025-07-01 12:09:03,24,搞笑,-,1,1,"娱乐,生活记录,恶作剧,cos,搞笑小剧场,三角洲行动,蜂医,无名,UP 小剧场 3.0",2025-07-05 16:30:42,0.4,"['娱乐', '生活记录', '恶作剧', 'cos', '搞笑小剧场', '三角洲行动', '蜂医', '无名', 'UP 小剧场 3.0']",0.07973196046263846,1305.0
41,BV1sF34ztErZ,114782380298811,人类：用水泥灌蚂蚁窝，真好玩！！！,饭爷看世界,1442240558,5025237,368,13536,764,51566,135,2025-07-02 09:18:00,246,动物二创,,1,1,"昆虫,动物世界,蚂蚁,观察动物,神奇的闲鱼,野生动物,微观世界,切叶蚁",2025-07-05 16:30:43,4.1,"['昆虫', '动物世界', '蚂蚁', '观察动物', '神奇的闲鱼', '野生动物', '微观世界', '切叶蚁']",0.010261406576446046,89.75609756097562
42,BV1Hi3azME1V,114787228848210,《光之羁绊》暑假电影版~,曜辉动漫,3546865414965961,1838371,291,96009,3622,10663,20,2025-07-03 03:46:29,6250,同人·手书,,1,1,"暑假,原创动画,二次元,动漫,原创漫画,圆谷",2025-07-05 16:30:45,104.16666666666667,"['暑假', '原创动画', '二次元', '动漫', '原创漫画', '圆谷']",0.0058002438028015016,2.7936
43,BV1q2gDzJEDe,114776659200232,穿越二战，一群萌新如何逆天改命,资深小狐狸,3117538,2236285,7297,76372,64673,96634,4145,2025-07-01 10:00:00,4376,单机游戏,"拼尽全力，终于赶出！！！依旧是超高难度的CA苏联挑战，这一次请来了更加资深的“萌新”前来救场！
10000%的前期挣扎！100000%的后期努力！120个小时、671GB的素材、18条音轨、35000字文案、3000行字幕，最终汇聚成72min的超长大电影——拉满了，真的拉满了！
如果你也喜欢这种硬核联机、剧情拉满的合作视频，拜托一定要投币、点赞、收藏支持一波！
 你们的每一个三连，都是我继续拉人、继续卷制作的动力！
 支持越多，阵容越豪华，故事越精彩！
快用三连淹没这个还在苦苦挣扎的萌新UP主吧！孩子真的很需要！",1,1,"德国,单机游戏,苏联,策略游戏,二战,CA苏联,苏德,联机,steam游戏,整点电子榨菜",2025-07-05 16:30:47,72.93333333333334,"['德国', '单机游戏', '苏联', '策略游戏', '二战', 'CA苏联', '苏德', '联机', 'steam游戏', '整点电子榨菜']",0.04321184464413078,100.05027422303473
44,BV1LEgCzxEAz,114773236647523,《限定款の薯条》,伤心欲茄222,3493260618106936,2766356,879,6857,4156,220220,2232,2025-07-02 04:00:00,110,搞笑,-,1,1,"搞笑,八嘎,配音小剧场,UP 小剧场 3.0",2025-07-05 16:30:49,1.8333333333333333,"['搞笑', '八嘎', '配音小剧场', 'UP 小剧场 3.0']",0.07960652931148414,479.4545454545455
45,BV1am3jzyESE,114794594046845,【鬼谷说】耳鼻喉的演化：什么器官会一气之下换了个赛道,芳斯塔芙,72270557,953987,3917,20308,31497,78025,1408,2025-07-04 11:00:00,1147,科学科普,不得不说，耳鼻的演化居然给了我一种AI重绘500次的感觉，你永远无法想象一个孔窍下一千万年会通向何处,1,1,"古生物,科普,器官演化史,喷水孔,鼻孔,演化,耳鼻喉,鬼谷说",2025-07-05 16:30:51,19.116666666666667,"['古生物', '科普', '器官演化史', '喷水孔', '鼻孔', '演化', '耳鼻喉', '鬼谷说']",0.08178832625601816,204.89973844812553
46,BV1vU3azFEUL,114786826264406,韩国釜山.菜市场里的宝藏,真探唐仁杰,544336675,1326291,1433,8013,2412,132078,1489,2025-07-03 04:05:00,211,美食侦探,这是菜市场？！这绝对是我在韩国吃过最惊艳的一顿！,1,1,"街头美食,美食侦探,美食,韩国,舌尖真探事务所,宝藏,菜市场,探店",2025-07-05 16:30:53,3.5166666666666666,"['街头美食', '美食侦探', '美食', '韩国', '舌尖真探事务所', '宝藏', '菜市场', '探店']",0.09958448032897757,407.4881516587678
47,BV1zE3MzaEF6,114787547615468,这个运镜真的很俏皮谁懂！！,白昼小熊,542246263,1316231,23,45057,5415,176895,2884,2025-07-03 05:08:29,17,穿搭,原创是DLK.TM！#DL摇,1,1,"性感,女神,小姐姐,今日出门怎么穿,525夏日企划《我要我就这样》",2025-07-05 16:30:54,0.2833333333333333,"['性感', '女神', '小姐姐', '今日出门怎么穿', '525夏日企划《我要我就这样》']",0.13439510237944555,81.17647058823529
48,BV1cq3uzuEnV,114788772353818,重回十岁，我将拯救大家【脑内古堡01】,圆桌动漫,654552,2233641,1467,50421,7831,27280,298,2025-07-03 10:15:40,726,同人·手书,,1,1,"小说,手书,圆桌宇宙,范雅柔,萧凡",2025-07-05 16:30:55,12.1,"['小说', '手书', '圆桌宇宙', '范雅柔', '萧凡']",0.012213242862214653,121.2396694214876
49,BV1pp3tzhEr3,114783286201144,义父义母们能多让刚子带我出去玩吗？他买单！,_张天琪,108331200,2057032,7001,24818,9485,63018,446,2025-07-02 11:04:10,381,搞笑,-,1,1,"日常vlog,主打就一个宠粉",2025-07-05 16:30:57,6.35,"['日常vlog', '主打就一个宠粉']",0.030635400907715583,1102.5196850393702
50,BV1hK3xzeETY,114782967437069,《倒计时：7天》,是许木木啊,3546731908171869,1463853,2534,24999,5418,72130,1261,2025-07-02 09:44:33,691,日常,-,1,1,"生活记录,学习,记录",2025-07-05 16:30:59,11.516666666666667,"['生活记录', '学习', '记录']",0.049274073284680905,220.02894356005788
51,BV1jF3TzdERg,114788134818567,“如果需要薪柴，我自燃烧殆尽…”,三颗虾仁,3546837552204489,459559,719,20831,25423,100425,3962,2025-07-03 09:00:00,194,人文历史,“比漫漫长夜更加恐怖的是，不知晓黎明是否还会到来”,1,1,"游戏,崩坏：星穹铁道,白厄,暑期狂欢节,崩坏星穹铁道,星穹铁道白厄,因为太阳将要毁伤,翁法罗斯逐火之旅,表演",2025-07-05 16:31:00,3.2333333333333334,"['游戏', '崩坏：星穹铁道', '白厄', '暑期狂欢节', '崩坏星穹铁道', '星穹铁道白厄', '因为太阳将要毁伤', '翁法罗斯逐火之旅', '表演']",0.21852471608650903,222.37113402061854
52,BV1gq3MznEGW,114789225469580,"""同志 最近你的磁场又弱了 多听红歌来镇压你的情绪""",我爱吃派大星,296465852,547963,34846,29306,21598,200821,3254,2025-07-03 12:13:17,51,音乐综合,"""同志 最近你的磁场又弱了 多听红歌来镇压你的情绪""",1,1,清唱,2025-07-05 16:31:02,0.85,['清唱'],0.3664864233534016,40995.29411764706
53,BV1a338z2ELc,114784578048128,《黑白御兽》第一集,小果_动漫,279946181,2725511,4,65380,1452,5869,3,2025-07-02 16:31:10,390,国产原创相关,,1,1,"二次元,原创动画,原创动漫",2025-07-05 16:31:04,6.5,"['二次元', '原创动画', '原创动漫']",0.0021533576639389826,0.6153846153846154
54,BV1w73YzgEex,114786507428832,《霸气妖丸》1-5合集,九妖丸,3546698452306368,1945960,92,75495,2829,9709,30,2025-07-03 00:44:58,1325,MAD·AMV,,1,1,"动画短片,动画种草激励计划,七月动画种草激励,合集,热血,黄皮子",2025-07-05 16:31:06,22.083333333333332,"['动画短片', '动画种草激励计划', '七月动画种草激励', '合集', '热血', '黄皮子']",0.004989311188308084,4.166037735849057
55,BV1Mo3tzMEbw,114783252647953,“武林争锋  双雄对决”,韵之燃剪,350858551,1589832,4111,39879,4386,44792,250,2025-07-02 11:02:59,1470,影视剪辑,既分高下，也决生死,1,1,"电影剪辑,功夫,港片,动作,转转回收,王宝强,一个人的武林,甄子丹,叶问,转转",2025-07-05 16:31:07,24.5,"['电影剪辑', '功夫', '港片', '动作', '转转回收', '王宝强', '一个人的武林', '甄子丹', '叶问', '转转']",0.02817404606272864,167.79591836734693
56,BV1Q73szTEfd,114781356821707,大家好，我是魏建军，今天正式成为一名UP主！,魏建军,3546684458010636,2112464,3353,6233,8275,137875,2420,2025-07-02 02:52:29,267,日常,B站的朋友们大家好，非常开心能够入驻B站，成为一名UP主。未来，我会向各位年轻人多多学习，跟大家玩到一起、聊到一起！感谢大家~,1,1,"新人,UP主,汽车,长城,老魏,长城汽车,魏建军",2025-07-05 16:31:09,4.45,"['新人', 'UP主', '汽车', '长城', '老魏', '长城汽车', '魏建军']",0.06526738443826735,753.4831460674156
57,BV1AvgDzZE6B,114776978031804,做了一颗气疯对手的羽毛球,小狮日记,444728505,4725968,2125,30945,8385,62053,7171,2025-07-01 10:30:00,248,家居房产,,1,1,"羽毛球,运动,DIY,科技,渴望就可能,创作星引力,百事可乐",2025-07-05 16:31:11,4.133333333333334,"['羽毛球', '运动', 'DIY', '科技', '渴望就可能', '创作星引力', '百事可乐']",0.01313022009459226,514.1129032258063
58,BV1yq3szWEqb,114781071611187,难道成绩不好就不配拥有爱嘛？,小蒋姐祖本蒋,3546877270166385,1702804,122,92719,7547,8388,20,2025-07-02 01:38:12,234,手机游戏,-,1,1,"蛋仔宝藏地图,蛋仔派对三周年,蛋仔派对创计划,蛋仔,蛋仔派对,蛋仔派对宝藏乐园地图",2025-07-05 16:31:12,3.9,"['蛋仔宝藏地图', '蛋仔派对三周年', '蛋仔派对创计划', '蛋仔', '蛋仔派对', '蛋仔派对宝藏乐园地图']",0.004925992656817813,31.28205128205128
59,BV18C3WzhEPm,114781390440001,【差分宇宙科研】尽数利用所有机制的终极玩法！白厄竟是翁法罗斯三重命途的唯一适格者？千面英雄至高神的创造模式！杀不死我的只会让我更加强大！,甘泽成谣雨成诗,482212512,952403,11281,30653,13225,72274,8129,2025-07-02 03:04:06,704,手机游戏,"特别鸣谢：@初冬の暮雨  长官的无敌剪辑卡点
借物表：命途图标【【崩坏：星穹铁道】当我把命途符号做成动画2.0】https://www.bilibili.com/video/BV1sD421P7xm?vd_source=9a3d0235bdeb7c75e8ce4761aaf04a44

据真实可靠的野史记载，翁法罗斯的第四重命途是欢愉，因为白厄甚至连欢愉祝福方程也能吃满，耀变视为附加伤害把二星欢愉无视防御吃到饱，反击又视为追击还能打出耀变伤害和回复血量，甚至还能吃到追加攻击弱点击破效率提高。你知道的，白厄他这家伙简直强的离谱。",1,1,"崩坏：星穹铁道,白厄,崩坏星穹铁道,崩坏：星穹铁道创作者激励计划,差分宇宙,差分宇宙科研,因为太阳将要毁伤,翁法罗斯逐火之旅",2025-07-05 16:31:14,11.733333333333333,"['崩坏：星穹铁道', '白厄', '崩坏星穹铁道', '崩坏：星穹铁道创作者激励计划', '差分宇宙', '差分宇宙科研', '因为太阳将要毁伤', '翁法罗斯逐火之旅']",0.07588594324041398,961.4488636363637
60,BV1N2gmzXEnw,114774595602077,全班老钱,侯绿萝,503058735,4220637,1217,46725,11402,356826,6168,2025-07-01 05:50:00,96,小剧场,-,1,1,"校园,大学生,学生",2025-07-05 16:31:15,1.6,"['校园', '大学生', '学生']",0.08454316256053293,760.625
61,BV12L3jziE79,114792731772497,《明日方舟》干员「司霆惊蛰」技能展示PV,明日方舟,161775300,1486336,18581,6859,10517,87510,42790,2025-07-04 03:03:42,180,手机游戏,"《明日方舟》干员「司霆惊蛰」技能展示PV
“剑有缺口，雷有喑时，律法、雷法、剑法，说到底都是惩奸除恶的工具。”

————————————
《明日方舟》故事集「镜中集」即将开放
更多活动详情内容详见官方自媒体账号。",1,1,明日方舟,2025-07-05 16:31:17,3.0,['明日方舟'],0.05887632406131588,6193.666666666667
62,BV12P3gzSEDj,114788537473253,《打工皇帝养成记-搓澡篇》,邢三狗子,485359169,2097965,551,21436,1648,67951,217,2025-07-03 09:21:00,272,搞笑,-,1,1,"日常,生活,剧情向",2025-07-05 16:31:18,4.533333333333333,"['日常', '生活', '剧情向']",0.032389005536317336,121.54411764705883
63,BV1wf3WznEpG,114781558146811,《崩坏：星穹铁道》白厄动画短片：「又一次黎明」,夙曈,1693720319,818465,4010,38051,31534,101581,3265,2025-07-02 10:00:00,91,GMV,"【熔于破晓的碎金海·白厄落地企划216h】18:00||第9棒
很荣幸这次能作为特邀嘉宾参加白厄同人主页策划的产出接力活动！
----------
又一次站在旅途的终点，无垠的麦田，一切的起始。 
他望见昔日的青梅竹马沐浴在金黄色的黎明中。
 “欢迎回来”
 她缓缓转身，微笑着说道
 “祝你一路顺风”

BGM：Mili - Entertainment -（《哥布林杀手 第二季》片头曲）
部分分镜仿制：《哥布林杀手 第二季》片头曲画面
----------
我的天哪请输入文本...不是，卡厄斯兰那救世主大人！！！
自从3.3版本过后就立刻着手开始制作这次的白厄动画短片了！
这个过程咱始终极力避免被内鬼剧透啊...真是辛苦自己了（
所以看3.4前瞻的时候感觉叫得整栋宿舍楼都能听见（不是

这次的选曲是Mili的歌，恰巧那段时间在狂补各种异世界番，意外的发现哥杀的这首OP曲的歌词非常非常适配啊！再加上Mili独特的曲风，非常有命运感和神圣感了！
动画的内容也是一改再改，特别是在前瞻、白厄的各种官方视频放出之后，就很毅然决然的修改了原先早就构思好的部分（神厄的那一整段都是这几天才做好的！）因为实在是太帅了... 还有根据PV和光锥的形象增加了一下黑厄的破碎感，咱真的宁愿到了最后关头再修改也不愿意看该似的内鬼啊！！！回头看来我之前做的黑厄还是太完整了（不是

然后就是搓了好多黑白闪（咱还是那么喜欢）这次的特效感觉会比上次强一点点，但好像也没强多少（什
构思了很多超有感觉的分镜，感觉又已经是现阶段能做到的最好的了，为了小白狠狠燃尽了自己（吗
但这可能是咱暑假期间第一个也是最后一个作品了，因为接下来抵达战场的是暑期实习！很难说能抽空出来做这种工作量巨大的动画短片...也有可能随缘更点剪辑

最后希望大伙能够喜欢这个动画短片！小白小白我们喜欢你啊！（哭
----------
策划：夙曈
动画：夙曈
渲染：夙曈
特效：夙曈
后期：夙曈

-借物表-
大部分模型：miHoYo
盗火行者：miHoYo/给你柠檬椰果养乐多你会跟我玩吗
黑厄：miHoYo/夙曈

场景：miHoYo/网络资产",1,1,"动画,白厄,崩坏星穹铁道,翁法罗斯,星穹铁道白厄,卡厄斯兰那,崩坏星穹铁道3.4创作者激励计划,熔于破晓的碎金海,白厄落地企划216h,三渲二,米哈游",2025-07-05 16:31:20,1.5166666666666666,"['动画', '白厄', '崩坏星穹铁道', '翁法罗斯', '星穹铁道白厄', '卡厄斯兰那', '崩坏星穹铁道3.4创作者激励计划', '熔于破晓的碎金海', '白厄落地企划216h', '三渲二', '米哈游']",0.12411159915207126,2643.956043956044
64,BV1xF37ziECW,114794728265260,【花小烙】好久没有跟大家聊天了，所以我们来读评论吧！,画渣花小烙,402576555,965341,2231,23079,15132,65467,383,2025-07-04 11:32:10,443,科学科普,不要看我，不要看我！～这里什么也没有！,1,1,动漫杂谈,2025-07-05 16:31:22,7.383333333333334,['动漫杂谈'],0.06781748625615197,302.16704288939053
65,BV1XpgXzCEWR,114777749722940,【大学生就业指导】葱烧大排！还能速成份葱油拌面？顺手的事儿！,阿白的金手指厨房,3546603960928658,1100080,679,53437,9644,85916,5598,2025-07-01 11:36:49,371,美食制作,-,1,1,"厨艺,小吃,美食制作,美食教程,吃播,食堂,葱油拌面,大学生就业,Vlog,大学生就业指南-美食版,大学生就业指南-美食版2.0",2025-07-05 16:31:23,6.183333333333334,"['厨艺', '小吃', '美食制作', '美食教程', '吃播', '食堂', '葱油拌面', '大学生就业', 'Vlog', '大学生就业指南-美食版', '大学生就业指南-美食版2.0']",0.07809977456185005,109.81132075471697
66,BV1RGgDzkEAU,114777229624642,这饭一天卖一吨，好吃到我原地晕碳。,日食记,8960728,2768504,4379,31199,34923,101102,18008,2025-07-01 09:27:01,912,美食制作,新疆太顶了，我前前后后呆了半个月，好吃到根本不想回来，我永远爱新疆。,1,1,"新疆探店,舌尖真探事务所,新疆美食,大盘鸡,手抓饭,馕,赛里木湖,新疆炒米粉,新疆烤包子,新疆羊肉",2025-07-05 16:31:25,15.2,"['新疆探店', '舌尖真探事务所', '新疆美食', '大盘鸡', '手抓饭', '馕', '赛里木湖', '新疆炒米粉', '新疆烤包子', '新疆羊肉']",0.036518639669655524,288.0921052631579
67,BV1RV3pzwEvK,114780568294165,我做了一款三角洲行动模拟器！耗时20小时！,九神花路水,342629782,613920,579,23856,48993,64746,4271,2025-07-02 00:08:02,215,网络游戏,"每天晚上直播，记得来看我哦！！
视频制作不易，希望活菩萨们可以投币三连",1,1,"原创,直播,FPS,第一视角,三角洲S3,九神花路水,教程攻略,主播,2025三角洲行动畅玩日常,三角洲行动4月激励计划",2025-07-05 16:31:26,3.5833333333333335,"['原创', '直播', 'FPS', '第一视角', '三角洲S3', '九神花路水', '教程攻略', '主播', '2025三角洲行动畅玩日常', '三角洲行动4月激励计划']",0.1054632525410477,161.5813953488372
68,BV1PngkzKE12,114771659660254,《吸呀吸旷世奇蚊》,红豆稀饭中,250648682,3523644,49633,82235,36327,403673,89284,2025-06-30 09:47:47,107,鬼畜调教,蚊子别咬我了,1,1,"生活,蚊子,搞笑,莫愁乡,旷世奇才,亚细亚,血压,鬼畜星探企划,鬼畜星探企划第二十二期",2025-07-05 16:31:28,1.7833333333333334,"['生活', '蚊子', '搞笑', '莫愁乡', '旷世奇才', '亚细亚', '血压', '鬼畜星探企划', '鬼畜星探企划第二十二期']",0.11456123263303557,27831.588785046726
69,BV1Cj3GzJE4F,114791054054879,你明明设计的是圈钱游戏，可玩家不但不反感，还让你多圈一点。,在下左左漫,3546841511627381,2049078,87,58097,1909,8486,20,2025-07-04 03:35:00,1279,同人·手书,你明明设计的是圈钱游戏，可玩家不但不反感，还让你多圈一点。,1,1,"原创动画,二次元,原创手绘,原创动漫",2025-07-05 16:31:30,21.316666666666666,"['原创动画', '二次元', '原创手绘', '原创动漫']",0.004141374803692197,4.0813135261923374
70,BV15egSzzEJf,114777380623908,我勒个豆！岛上追着金鱼跑，大佬竟邀我上车？！三种配色鲤鱼车+保底60艾比福袋香爆了！,蛋仔懒涯涯,1055399865,2114220,1332,80100,6167,13440,15,2025-07-01 09:58:33,202,手机游戏,"天啊！在蛋仔岛看到超炫金鱼（啊不，是鲤鱼！）坐骑，鼓起勇气去问大佬能不能看看，结果...TA竟然在人群中邀请我上车了！这金色泡泡、这飘逸尾巴，美哭！立刻决定拿下它！

【鲤鱼车获取】就在XX地方（记得替换具体位置）！需要12880蛋币~ 三种配色各有特色！金灿灿/海洋蓝/神秘紫，你pick哪个？评论区告诉我！坐骑还能吐泡泡带人哦~ 想上车的小懒蛋可以岛上偶遇我（能跟随=有空！）！

【重大福利！艾比福袋更新】保底从90降到60了！！有条件的小懒蛋快冲！本欧皇小懒11抽就出了彩光螳螂！360蛋币搞定！还继承了35级性格对的螳螂美滋滋~（继承器记得确认弹窗哦！）",1,1,"eggy爱挤,蛋仔日常,蛋仔奇思妙想计划,蛋仔派对三周年,蛋仔旅行家,蛋仔派对创计划,欧皇,竞技游戏,蛋仔派对",2025-07-05 16:31:32,3.3666666666666667,"['eggy爱挤', '蛋仔日常', '蛋仔奇思妙想计划', '蛋仔派对三周年', '蛋仔旅行家', '蛋仔派对创计划', '欧皇', '竞技游戏', '蛋仔派对']",0.006356954337769958,395.64356435643566
71,BV1hu3tzgE6x,114783772743484,【速凌】当大坝东楼刷了雷斯之后。。。,高司令-速凌电竞,3546875066059052,1428380,25851,8445,9769,114207,2606,2025-07-02 13:07:17,141,单机游戏,,1,1,"搞笑,FPS,娱乐,蜂医,三角洲行动动画,哈基蜂,速凌电竞,沙雕,高司令,三角洲",2025-07-05 16:31:33,2.35,"['搞笑', 'FPS', '娱乐', '蜂医', '三角洲行动动画', '哈基蜂', '速凌电竞', '沙雕', '高司令', '三角洲']",0.079955614052283,11000.425531914892
72,BV166gDzWEdR,114776994745294,猫咖倒闭了，猫去哪儿了？第一视角体验养90只猫的快乐！,小猫椰子水42,166942839,953599,10035,13327,16056,110648,7938,2025-07-01 08:28:16,205,喵星人,标题党了！！猫咖没有倒闭！只是换了一个地址！！,1,1,"第一视角,喵星人,猫咖",2025-07-05 16:31:35,3.4166666666666665,"['第一视角', '喵星人', '猫咖']",0.11603200087248414,2937.0731707317073
73,BV1hR3nzxEc3,114779008011822,天品灵根 我的孩子都是天才！,十里漫漫,48875744,1682416,419,58410,2616,18976,89,2025-07-02 00:30:00,843,国产原创相关,我的孩子都有大帝之资,1,1,"脑洞,动画短片,原创动画,二次元,搞笑",2025-07-05 16:31:37,14.05,"['脑洞', '动画短片', '原创动画', '二次元', '搞笑']",0.011279017793458931,29.8220640569395
74,BV1da3xz2ER9,114782615244541,“ 尖 端 二 游 必 吃 榜 ！”,汐汐不想睡大街,30898527,786005,794,16324,27936,57132,2822,2025-07-02 08:13:45,271,综合,"希望可以联动
出个伪联动短片
从五月做到七月",1,1,"FATE,手机游戏,二次元,今汐,卡提希娅,鸣潮2.4版本创作激励计划,漂泊者,鸣潮,鸣潮2.4版本二创",2025-07-05 16:31:38,4.516666666666667,"['FATE', '手机游戏', '二次元', '今汐', '卡提希娅', '鸣潮2.4版本创作激励计划', '漂泊者', '鸣潮', '鸣潮2.4版本二创']",0.07268656051806287,175.79335793357933
75,BV1Vm3Tz9EY1,114787614790843,难言x：全网第一把苏尔南之心手枪实战来了！,难言言x,28440054,3083585,316,26173,764,13193,66,2025-07-03 05:23:58,285,手机游戏,,1,1,"手游,FPS,和平精英地铁逃生,吃鸡,难言x,和平精英",2025-07-05 16:31:39,4.75,"['手游', 'FPS', '和平精英地铁逃生', '吃鸡', '难言x', '和平精英']",0.0042784615958373125,66.52631578947368
76,BV1bH3azmEJ2,114787111408336,我玩绝密航天被关进了....,腥味猫罐,305956876,787899,494,24117,7261,73623,2839,2025-07-03 04:07:11,156,仿妆cos,"真实事件改编，很有生活了。
新干员好帅！！喜欢！！祝大家在新赛季新地图把把爽吃！！
骇爪：@丝言不吃包子  
威龙：@卡西Casi  
拉闸叫醒电话：@粽子淞",1,1,"小姐姐,COS,腥味猫罐,三角洲行动,三角洲新干员,绝密航天,潮汐监狱,猛攻三角洲破壁新赛季,疾风,三角洲破壁新赛季上线,三角洲行动7月激励计划",2025-07-05 16:31:42,2.6,"['小姐姐', 'COS', '腥味猫罐', '三角洲行动', '三角洲新干员', '绝密航天', '潮汐监狱', '猛攻三角洲破壁新赛季', '疾风', '三角洲破壁新赛季上线', '三角洲行动7月激励计划']",0.09344217977177278,190.0
77,BV1yvgDzoEGk,114776977971486,【医学博士】对线10分钟算短吗？｜观看5分钟，幸福一辈子｜如何提升耐久度！,兔叭咯,7788379,668331,2995,22539,20276,50858,12634,2025-07-02 09:30:00,374,科学科普,"你觉得自己“对线时间”正常吗？
有人三分钟就交卷，有人能打满半小时，这差距到底正常不正常？
有没有办法让对线更久一点？
本期视频，我们从全球数据说起，聊聊那些你以为你知道、其实你并不知道的“对线”真相！
您可能还喜欢：
【注意力缺陷】BV15XKcztEdM
【万癌之王】BV1V3TjzvEcY
【便秘】BV1kaJBzCE2e
【生活化减肥】BV1J7JqzNEuz
【伟哥】BV1ic5jzoEzb",1,1,"健康,搞笑,2025科学很可爱,阳痿,男性,武器强化,沙雕,两性,早泄,医学,万物研究所",2025-07-05 16:31:43,6.233333333333333,"['健康', '搞笑', '2025科学很可爱', '阳痿', '男性', '武器强化', '沙雕', '两性', '早泄', '医学', '万物研究所']",0.0760970237801329,480.4812834224599
78,BV1oF3EzsEVc,114793738410164,给朋友报了个上海跟团游，让他好好享福……,-欣小萌-,8366990,817638,3216,12366,19650,79734,789,2025-07-04 09:25:00,821,出行,"新系列来啦：带up朋友一起报名【城市旅游团】，喜欢的话请多多互动支持呀～～
点赞过20W，带小杨翘班去厦门【跟团游下一期继续】！",1,1,"跟着UP主看世界,小杨有约,上海跟团游,小杨,小潮院长,欣小萌,小潮team,旅行攻略UP主激励计划",2025-07-05 16:31:45,13.683333333333334,"['跟着UP主看世界', '小杨有约', '上海跟团游', '小杨', '小潮院长', '欣小萌', '小潮team', '旅行攻略UP主激励计划']",0.09751748328722491,235.03045066991473
79,BV1Td3xzcEu1,114782430564545,首曝！我买车的钱竟然来自...揭秘我的真实工作！,飞飞的车COOL,50693252,1497000,9126,8420,13955,73510,3084,2025-07-02 10:00:00,950,汽车生活,"更新啦！！
很多人一直很好奇，我为什么能买这么多车，今天给大家揭秘我的真实工作啦！是不是很反差，很意想不到！
喜欢这期视频请一键三连支持哦！谢谢～",1,1,"法拉利,理想MEGA,买车,李想,电动车,理想,国产车,理想汽车,理想MEGAHome,bilibili 哔看新车",2025-07-05 16:31:47,15.833333333333334,"['法拉利', '理想MEGA', '买车', '李想', '电动车', '理想', '国产车', '理想汽车', '理想MEGAHome', 'bilibili 哔看新车']",0.04910487641950568,576.378947368421
80,BV1PA37zvEmd,114794359298505,【自制动画】《葫芦兄妹》第一集！,一粒盐-YLY,2107696861,627902,1870,17448,22761,82429,3357,2025-07-04 10:18:00,474,同人·手书,-,1,1,"葫芦娃,葫芦小金刚,金刚葫芦妹,葫芦兄妹,爆肝,自制动画,国漫创作者",2025-07-05 16:31:49,7.9,"['葫芦娃', '葫芦小金刚', '金刚葫芦妹', '葫芦兄妹', '爆肝', '自制动画', '国漫创作者']",0.13127685530544575,236.70886075949366
81,BV1Yy3tzjEti,114783118491722,孝顺跟实力无关吧,真子日记,1155574439,1272439,1446,3101,6155,104934,1096,2025-07-02 10:18:43,204,搞笑,,1,1,"搞笑研究所,UP 小剧场 3.0",2025-07-05 16:31:50,3.4,"['搞笑研究所', 'UP 小剧场 3.0']",0.0824668215922335,425.29411764705884
82,BV1kR3hzKEAD,114785601460152,漠叔被美国拒签入境后....,大漠叔叔,67141499,1359200,2718,8072,9892,86268,3425,2025-07-03 04:00:00,172,三农,,1,1,"美国,预告片,纪录片,漠叔,自由,移民,美国空气",2025-07-05 16:31:52,2.8666666666666667,"['美国', '预告片', '纪录片', '漠叔', '自由', '移民', '美国空气']",0.06346968805179518,948.1395348837209
83,BV1en3Lz5ECV,114793604256798,为了彰显男女主爱情的伟大，绿茶男主竟要求柳如烟当众与你退婚！【P11】,小宇动漫u,3546665690597383,1406960,22,56487,1757,6820,5,2025-07-04 06:44:37,186,同人·手书,为了彰显男女主爱情的伟大，绿茶男主竟要求柳如烟当众与你退婚！,1,1,"原创动画,二次元",2025-07-05 16:31:53,3.1,"['原创动画', '二次元']",0.004847330414510718,7.096774193548387
84,BV1rb38zNEZb,114784125128463,孙权英雄CG《钓》—— 少年江中钓，轻拨万重浪,王者荣耀,57863910,908433,3349,14266,5040,68467,6405,2025-07-02 23:00:00,224,手机游戏,"“夜雾锁江，扁舟浮沉。二人对钓江中，天下如饵，决胜于钩。少年郎立望江心，目光如炬。”
孙策失踪，江郡倾危，其弟孙权独撑大局。这场钓局对峙，孙权曹操都清楚，从来钓的都不是鱼。",1,1,"电子竞技,王者荣耀,新英雄孙权CG钓,孙家三兄妹齐聚孙权CG,MOBA",2025-07-05 16:31:55,3.7333333333333334,"['电子竞技', '王者荣耀', '新英雄孙权CG钓', '孙家三兄妹齐聚孙权CG', 'MOBA']",0.07536824399818148,897.0535714285714
85,BV1TZ3tzqE1f,114783235870774,峡谷百万富翁！中单刺客二番战，玻璃大炮对轰太刺激太精彩了！,上单老祖,428040854,1113819,12798,8127,33872,57025,5015,2025-07-02 11:10:00,2796,电子竞技,,1,1,"中单,刺客,英雄联盟,电子竞技,峡谷百万富翁,玻璃大炮",2025-07-05 16:31:57,46.6,"['中单', '刺客', '英雄联盟', '电子竞技', '峡谷百万富翁', '玻璃大炮']",0.051197726021912,274.6351931330472
86,BV1oggXzQEE9,114778152374031,【白厄手书】再见了，婴儿蓝眼眸的爱人,疯兔AD,13591012,434029,166,50886,37359,111221,3954,2025-07-02 10:00:09,40,同人·手书,"策划/分镜/监修：疯兔AD 
绘制：蚕酱kaiko、姆姆mumumu、漫步、木木、柒叶、奈西cc、腥红、令羽小燕 
后期：北风、阿若

BGM：The Other Side Of Paradise",1,1,"崩坏：星穹铁道,白厄,崩坏星穹铁道,黑厄,万敌,阿格莱雅,那刻夏,翁法罗斯开拓之旅,崩坏星穹铁道3.3创作者激励计划,因为太阳将要毁伤,翁法罗斯逐火之旅",2025-07-05 16:31:59,0.6666666666666666,"['崩坏：星穹铁道', '白厄', '崩坏星穹铁道', '黑厄', '万敌', '阿格莱雅', '那刻夏', '翁法罗斯开拓之旅', '崩坏星穹铁道3.3创作者激励计划', '因为太阳将要毁伤', '翁法罗斯逐火之旅']",0.2562524623930659,249.0
87,BV1w9gSzdEfg,114777162517687,《不 同 家 庭 过 暑 假》,进击的金厂长,321422126,2088390,15491,21292,56157,230490,2115,2025-07-01 09:05:50,216,搞笑,每个人的家庭各不相同，祝兄弟们都可以在羽翼丰满后，走出自己希望的道路。,1,1,"暑假,家庭,搞笑,搞笑动画,短片,生活,动画,搞笑小剧场,父母,学生,UP 小剧场 3.0",2025-07-05 16:32:01,3.6,"['暑假', '家庭', '搞笑', '搞笑动画', '短片', '生活', '动画', '搞笑小剧场', '父母', '学生', 'UP 小剧场 3.0']",0.11036731644951374,4303.055555555556
88,BV1hA3xziEGy,114782933878520,杀青了 哪有什么翁法罗斯,烦恼死的夏洛,12075114,649663,346,34191,9269,130607,4310,2025-07-02 09:35:39,30,手机游戏,"Model:mihoyo/流云景/烦恼死的夏洛
Stage:
Modelling and textures：sega
Ripping script：minmode, Skyth, Rich Whitehouse, Chrrox
Fx：khoast40 (MES40)
Ripping & Stage Animation：Dan1024",2,1,"4K,崩坏：星穹铁道,MMD·3D,MMD,白厄,星穹开拓团,星穹列车团,星穹铁道白厄,崩坏星穹铁道3.4创作者激励计划",2025-07-05 16:32:02,0.5,"['4K', '崩坏：星穹铁道', 'MMD·3D', 'MMD', '白厄', '星穹开拓团', '星穹列车团', '星穹铁道白厄', '崩坏星穹铁道3.4创作者激励计划']",0.2010380766643629,692.0
89,BV1vLgrzSEoH,114770283928472,当机制想让你赢时，不学技能拼尽全力也输不了,磊哥游戏,268941858,1574904,989,5503,3885,137180,7121,2025-07-02 01:12:23,201,手机游戏,当机制想让你赢时，不学技能拼尽全力也输不了,1,1,王者荣耀,2025-07-05 16:32:04,3.35,['王者荣耀'],0.08710372187765096,295.2238805970149
90,BV1ZMgDzLEzm,114777347068025,连方向盘也是屏幕！？,徐仕兴,343692180,2985115,3771,34512,5940,41708,7101,2025-07-01 09:55:11,229,数码,,1,1,"汽车,创意,恶搞,汽车文化",2025-07-05 16:32:05,3.816666666666667,"['汽车', '创意', '恶搞', '汽车文化']",0.013971991028821336,988.0349344978165
91,BV1pA34zxExL,114782011203378,当你在健身房装X失败,东京_浪君,3546719866325287,1126267,1308,30429,7607,132889,25671,2025-07-02 05:40:43,64,搞笑,-,1,1,"日本人,高能,健身,搞笑,健身房,真实",2025-07-05 16:32:07,1.0666666666666667,"['日本人', '高能', '健身', '搞笑', '健身房', '真实']",0.11799067183891564,1226.25
92,BV1FK34zWEyt,114782044685578,住手吧！客户已经飞走了！,阿星and阿奇,230926815,1571129,492,18773,1602,83258,598,2025-07-02 09:30:00,129,搞笑,,1,1,"搞笑,奇葩,解限机,解限机公测,段子,解限机王牌计划",2025-07-05 16:32:08,2.15,"['搞笑', '奇葩', '解限机', '解限机公测', '段子', '解限机王牌计划']",0.05299246592736816,228.8372093023256
93,BV1aF3xzBEsS,114782766107647,第一次这么希望他们不活在游戏世界……,柠檬水Pro,8384609,637313,277,37217,5062,129166,2963,2025-07-02 08:51:44,20,绘画,"看完这次崩铁的白厄pv，真的想把黄金裔的大家全都请回列车组了，太心疼了
希望他们在现实生活的日常里，都能找到属于自己的幸福和温暖QAQ",1,1,"像素画,崩坏：星穹铁道,白厄,崩坏星穹铁道,星穹铁道白厄,因为太阳将要毁伤,翁法罗斯逐火之旅,崩坏星穹铁道3.4创作者激励计划,像素风,同人图,黄金裔",2025-07-05 16:32:09,0.3333333333333333,"['像素画', '崩坏：星穹铁道', '白厄', '崩坏星穹铁道', '星穹铁道白厄', '因为太阳将要毁伤', '翁法罗斯逐火之旅', '崩坏星穹铁道3.4创作者激励计划', '像素风', '同人图', '黄金裔']",0.20267278401664487,831.0
94,BV1AF34ztENB,114782380232240,欢迎来到噩梦的世界！全新PVE剧本《无尽长梦》今日上线！,七日世界官方,3493290997451047,968705,45,30783,15940,52981,149,2025-07-03 02:00:00,124,网络游戏,,1,1,"七日世界,无尽长梦,PVE,宣传片,网易七日世界",2025-07-05 16:32:11,2.066666666666667,"['七日世界', '无尽长梦', 'PVE', '宣传片', '网易七日世界']",0.05469260507584869,21.774193548387096
95,BV1Eo3MziE5W,114789007231144,当你想吃“炝炒包菜”就把这部视频翻出来,美食强,240869947,947874,423,36666,4717,26945,3387,2025-07-03 11:18:30,169,美食记录,如果你每天不知道吃什么？可以来参考下我家的食谱，靠谱实用的家常菜，健康又美味，用心烹饪，让美食带上爱的味道。,1,1,"家常菜,视频,美食制作,美食教程,分享真实生活,记录我的美食日常,午餐,美味,做菜,健康美食,大学生就业指南-美食版2.0",2025-07-05 16:32:13,2.816666666666667,"['家常菜', '视频', '美食制作', '美食教程', '分享真实生活', '记录我的美食日常', '午餐', '美味', '做菜', '健康美食', '大学生就业指南-美食版2.0']",0.02842677402270766,150.1775147928994
96,BV1n83tzdEY7,114783470753754,假如你可以控制AI（1-3合集）,癫疯扇D,3546380991728098,1001328,358,36027,1758,20328,110,2025-07-02 11:55:51,321,网络游戏,假如你可以控制AI（1-3合集）,1,1,"暗区小剧场,暗区热门稿件大赏,假如你可以控制人机,暗区突围",2025-07-05 16:32:15,5.35,"['暗区小剧场', '暗区热门稿件大赏', '假如你可以控制人机', '暗区突围']",0.02030104021858971,66.9158878504673
97,BV1EK3Lz9EDb,114793486748805,《守 兔 待 朱》,马刀刻森,14048220,1320596,1850,11322,15023,66402,989,2025-07-04 09:55:00,525,同人·手书,"来了来了来了！！！
美好的周末再次迎来更新！！！
守株待兔×
守兔待朱√
感谢我们的新朋友长安幻想手游的大力支持！！！
一起来看看这期的新故事吧！！！
创作不易 喜欢的话就点个赞吧！！！求求了！！！",1,1,"动画,二次元,动画短片,剧情,动漫,情感,搞笑,长安幻想,长安幻想十万人争锋服,转世续缘",2025-07-05 16:32:16,8.75,"['动画', '二次元', '动画短片', '剧情', '动漫', '情感', '搞笑', '长安幻想', '长安幻想十万人争锋服', '转世续缘']",0.05028184244083732,211.42857142857142
98,BV1Pt3uzLEg6,114788671685816,“猪党”即将通过大而美法案，马斯克再度炮轰白宫,麻薯波比呀,703186600,1291029,7871,7166,10210,74442,1062,2025-07-03 09:53:36,1117,社科·法律·心理,,1,1,"社会观察局,美国,特斯拉,美国债务,大而美法案,特朗普马斯克骂战,马斯克,特朗普",2025-07-05 16:32:18,18.616666666666667,"['社会观察局', '美国', '特斯拉', '美国债务', '大而美法案', '特朗普马斯克骂战', '马斯克', '特朗普']",0.05766098205385007,422.79319606087734
99,BV1ym3MzkE5N,114789309290654,这房子也太露骨了吧？？！,kiki的假期,3494370441431895,1166016,999,4137,18182,80208,454,2025-07-03 12:34:40,355,家居房产,,1,1,"旧房改造,房间布置,租房改造",2025-07-05 16:32:20,5.916666666666667,"['旧房改造', '房间布置', '租房改造']",0.06878807837971349,168.8450704225352
100,BV1gE3uzpEpA,114788705441676,【定格动画】狐凸凸的国风萌舞,小狐哥-,1462604756,555380,103,11531,85530,147574,582,2025-07-03 10:01:41,22,同人·手书,创作不易，希望能得到大家的三连,1,1,"国风,定格动画,狐凸凸动画",2025-07-05 16:32:22,0.36666666666666664,"['国风', '定格动画', '狐凸凸动画']",0.2657171666246534,280.90909090909093
